{"cameraMode":{"drawMode":0,"name":"Shaded","section":"Shading Mode"},"sceneLighting":true,"audioPlay":false,"sceneViewState":{"m_AlwaysRefresh":false,"showFog":true,"showSkybox":true,"showFlares":true,"showImageEffects":true,"showParticleSystems":true,"showVisualEffectGraphs":true,"m_FxEnabled":true},"in2DMode":false,"pivot":{"x":-3.0774717330932619,"y":6.542318820953369,"z":-0.8760128021240234},"rotation":{"x":0.06095485761761665,"y":0.5064130425453186,"z":-0.035918936133384708,"w":0.8593856692314148},"size":7.200830936431885,"orthographic":false}